komoditas,tahun,luas_panen,produksi,produktivitas
Alpukat,2019,3684037,461613,125.3
Anggur,2019,236599,13723,58
Apel,2019,3121663,481373,154.2
Belimbing,2019,1137307,106067,93.26
Buah Naga*,2019,, - , - 
Duku/Langsat/Kokosan,2019,3285717,269337,81.97
Durian,2019,10534478,1169802,111.05
Jambu Air,2019,1867601,122943,65.83
Jambu Biji,2019,3996152,239405,59.91
Jeruk Lemon,2019,, - , - 
Jeruk Pamelo,2019,1057695,118969,112.48
Jeruk Siam/Keprok,2019,26521339,2444516,92.17
Lengkeng,2019,, - , - 
Mangga,2019,28429339,2808936,98.8
Manggis,2019,2957275,246476,83.35
Markisa/Konyal,2019,649342,44977,69.27
Nangka/Cempedak,2019,6902510,779859,112.98
Nenas*,2019,693748550,2196456,3.17
Pepaya,2019,12851985,986991,76.8
Pisang*,2019,105798840,7280659,68.82
Rambutan,2019,11129401,764583,68.7
Salak,2019,54099594,955763,17.67
Sawo,2019,1447654,144964,100.14
Sirsak,2019,1724487,70728,41.01
Sukun,2019,1516315,122481,80.78
Blewah,2019,3416,34078,9975.68
Melon,2019,8643,122106,14127.51
Semangka,2019,34505,523335,15167.11
Stroberi,2019,543,7499,13810.31
Alpukat,2020,3914743,609049,155.58
Anggur,2020,197291,11905,60.34
Apel,2020,3128935,516531,165.08
Belimbing,2020,1097138,114524,104.38
Buah Naga*,2020,, - , - 
Duku/Langsat/Kokosan,2020,3061321,289598,94.6
Durian,2020,9257892,1133195,122.4
Jambu Air,2020,1847981,182908,98.98
Jambu Biji,2020,4155935,396268,95.35
Jeruk Lemon,2020,, - , - 
Jeruk Pamelo,2020,917511,129568,141.22
Jeruk Siam/Keprok,2020,24616325,2593384,105.35
Lengkeng,2020,, - , - 
Mangga,2020,26464666,2898588,109.53
Manggis,2020,3105210,322414,103.83
Markisa/Konyal,2020,648111,53319,82.27
Nangka/Cempedak,2020,6488755,824068,127
Nenas*,2020,569315968,2447243,4.3
Pepaya,2020,11827183,1016388,85.94
Pisang*,2020,109422938,8182756,74.78
Rambutan,2020,9246809,681178,73.67
Salak,2020,52031788,1225088,23.54
Sawo,2020,1390838,186706,134.24
Sirsak,2020,1805825,127845,70.8
Sukun,2020,1473204,190551,129.34
Blewah,2020,2999,33056,11021.26
Melon,2020,8211,138177,16827.96
Semangka,2020,33417,560317,16767.66
Stroberi,2020,682,8350,12242.16
Alpukat,2021,4705091,669260,142.24
Anggur,2021,187177,12164,64.98
Apel,2021,3019185,509544,168.77
Belimbing,2021,1219628,137450,112.7
Buah Naga*,2021,6554588,484083,73.85
Duku/Langsat/Kokosan,2021,2621409,250355,95.5
Durian,2021,10104124,1353037,133.91
Jambu Air,2021,2157651,206423,95.67
Jambu Biji,2021,4261637,422491,99.14
Jeruk Lemon,2021,560095,34246,61.14
Jeruk Pamelo,2021,785026,112797,143.69
Jeruk Siam/Keprok,2021,25131894,2401064,95.54
Lengkeng,2021,481253,90378,187.8
Mangga,2021,26834482,2835442,105.66
Manggis,2021,2705421,303934,112.34
Markisa/Konyal,2021,, - , - 
Nangka/Cempedak,2021,7583659,906514,119.54
Nenas*,2021,597048364,2886417,4.83
Pepaya,2021,11313981,1168266,103.26
Pisang*,2021,115915412,8741147,75.41
Rambutan,2021,9534386,884702,92.79
Salak,2021,50408313,1120242,22.22
Sawo,2021,1416927,169711,119.77
Sirsak,2021,1920027,158926,82.77
Sukun,2021,1498135,172373,115.06
Blewah,2021,, - , - 
Melon,2021,7397,129147,17459.41
Semangka,2021,29954,414242,13829.52
Stroberi,2021,682,9860,14465.13
Alpukat,2022,4955987,865780,174.69
Anggur,2022,245980,13516,54.95
Apel,2022,3094119,523596,169.22
Belimbing,2022,1144010,128632,112.44
Buah Naga*,2022,6320442,367300,58.11
Duku/Langsat/Kokosan,2022,1983635,205260,103.48
Durian,2022,9842598,1582172,160.75
Jambu Air,2022,2132249,237565,111.42
Jambu Biji,2022,4303465,472686,109.84
Jeruk Lemon,2022,641965,54233,84.48
Jeruk Pamelo,2022,807487,132979,164.68
Jeruk Siam/Keprok,2022,24856523,2551999,102.67
Lengkeng,2022,490956,41817,85.18
Mangga,2022,25386047,3308895,130.34
Manggis,2022,2742475,343663,125.31
Markisa/Konyal,2022,, - , - 
Nangka/Cempedak,2022,6818507,813756,119.35
Nenas*,2022,610051660,3203775,5.25
Pepaya,2022,10084475,1089578,108.05
Pisang*,2022,114672002,9245427,80.62
Rambutan,2022,9999079,855162,85.52
Salak,2022,48918946,1147473,23.46
Sawo,2022,1430423,167440,117.06
Sirsak,2022,1841821,142390,77.31
Sukun,2022,1368830,165032,120.56
Blewah,2022,, - , - 
Melon,2022,7099,118696,16719.98
Semangka,2022,27097,367816,13574.01
Stroberi,2022,759,28895,38053.02
Alpukat,2023,5195459,874046,168.23
Anggur,2023,217855,13405,61.53
Apel,2023,1868803,392563,210.06
Belimbing,2023,1063116,119758,112.65
Buah Naga*,2023,7587160,317407,41.83
Duku/Langsat/Kokosan,2023,2259988,209071,92.51
Durian,2023,11719439,1852045,158.03
Jambu Air,2023,2157496,233575,108.26
Jambu Biji,2023,4501811,404654,89.89
Jeruk Lemon,2023,676742,49003,72.41
Jeruk Pamelo,2023,898000,92250,102.73
Jeruk Siam/Keprok,2023,21936727,2831099,129.06
Lengkeng,2023,669430,63064,94.21
Mangga,2023,26571691,3302620,124.29
Manggis,2023,3465249,397175,114.62
Markisa/Konyal,2023,,, - 
Nangka/Cempedak,2023,6442615,789200,122.5
Nenas*,2023,527413159,3156576,5.99
Pepaya,2023,9743249,1238692,127.13
Pisang*,2023,110079757,9335232,84.8
Rambutan,2023,9517310,845107,88.8
Salak,2023,47553251,1120739,23.57
Sawo,2023,1364226,179706,131.73
Sirsak,2023,1685809,140405,83.29
Sukun,2023,1283314,156626,122.05
Blewah,2023,, - , - 
Melon,2023,7039,117794,16735.57
Semangka,2023,31458,408115,12973.34
Stroberi,2023,810,27721,34216.41
